<?xml version="1.0" encoding="UTF-8"?>
<project-private xmlns="http://www.netbeans.org/ns/project-private/1">
    <editor-bookmarks xmlns="http://www.netbeans.org/ns/editor-bookmarks/2" lastBookmarkId="0"/>
    <open-files xmlns="http://www.netbeans.org/ns/projectui-open-files/2">
        <group>
            <file>file:/C:/Users/Ons/Documents/NetBeansProjects/besttrip3/src/tn/esprit/gui/SupprimerController.java</file>
            <file>file:/C:/Users/Ons/Documents/NetBeansProjects/besttrip3/src/tn/esprit/gui/NewFXMain.java</file>
            <file>file:/C:/Users/Ons/Documents/NetBeansProjects/besttrip3/src/tn/esprit/gui/HebergementController.java</file>
            <file>file:/C:/Users/Ons/Documents/NetBeansProjects/besttrip3/src/tn/esprit/services/IService.java</file>
            <file>file:/C:/Users/Ons/Documents/NetBeansProjects/besttrip3/src/tn/esprit/entity/Categorie_hebergement.java</file>
            <file>file:/C:/Users/Ons/Documents/NetBeansProjects/besttrip3/src/tn/esprit/gui/Afficher.fxml</file>
            <file>file:/C:/Users/Ons/Documents/NetBeansProjects/besttrip3/src/tn/esprit/tools/CategorieHebergementD.java</file>
            <file>file:/C:/Users/Ons/Documents/NetBeansProjects/besttrip3/src/tn/esprit/gui/Hebergement.fxml</file>
            <file>file:/C:/Users/Ons/Documents/NetBeansProjects/besttrip3/src/tn/esprit/tools/MyDB.java</file>
            <file>file:/C:/Users/Ons/Documents/NetBeansProjects/besttrip3/src/tn/esprit/gui/Supprimer.fxml</file>
            <file>file:/C:/Users/Ons/Documents/NetBeansProjects/besttrip3/src/tn/esprit/gui/ModifierController.java</file>
            <file>file:/C:/Users/Ons/Documents/NetBeansProjects/besttrip3/src/tn/esprit/gui/Modifier.fxml</file>
            <file>file:/C:/Users/Ons/Documents/NetBeansProjects/besttrip3/src/tn/esprit/entity/Hebergement.java</file>
            <file>file:/C:/Users/Ons/Documents/NetBeansProjects/besttrip3/src/tn/esprit/gui/AfficherController.java</file>
            <file>file:/C:/Users/Ons/Documents/NetBeansProjects/besttrip3/src/tn/esprit/gui/AjouterController.java</file>
            <file>file:/C:/Users/Ons/Documents/NetBeansProjects/besttrip3/src/tn/esprit/gui/Ajouter.fxml</file>
            <file>file:/C:/Users/Ons/Documents/NetBeansProjects/besttrip3/src/tn/esprit/services/HebergCRUD.java</file>
        </group>
    </open-files>
</project-private>
